bin_log10_freq,n_clones,phi,at_bound,patient,step,mid_log10_freq
"[-6.00,-5.70)",9346,13.861248655510323,False,HD106_SEQTR,S3 CR,-5.85
"[-5.70,-5.55)",9462,4.791890887133219,False,HD106_SEQTR,S3 CR,-5.625
"[-5.55,-5.41)",9401,3.2741510452083666,False,HD106_SEQTR,S3 CR,-5.48
"[-5.41,-5.26)",9409,2.6254510849022976,False,HD106_SEQTR,S3 CR,-5.335
"[-5.26,-5.05)",9413,2.2382158788784388,False,HD106_SEQTR,S3 CR,-5.154999999999999
"[-5.05,-1.98)",9410,2.405010881637979,False,HD106_SEQTR,S3 CR,-3.5149999999999997
"[-6.00,-5.70)",9346,0.007416476074632808,False,HD106_SEQTR,S4 CR+trunc,-5.85
"[-5.70,-5.55)",9462,0.0010000066676391062,True,HD106_SEQTR,S4 CR+trunc,-5.625
"[-5.55,-5.41)",9401,0.001000006856357808,True,HD106_SEQTR,S4 CR+trunc,-5.48
"[-5.41,-5.26)",9409,0.0010000064916143726,True,HD106_SEQTR,S4 CR+trunc,-5.335
"[-5.26,-5.05)",9413,0.0010000053549728708,True,HD106_SEQTR,S4 CR+trunc,-5.154999999999999
"[-5.05,-1.98)",9410,2.241343471732176,False,HD106_SEQTR,S4 CR+trunc,-3.5149999999999997
"[-5.99,-5.74)",10887,24.63816281397375,False,HD197_SEQTR,S3 CR,-5.865
"[-5.74,-5.60)",11045,6.410836419533724,False,HD197_SEQTR,S3 CR,-5.67
"[-5.60,-5.47)",10984,3.94477099468409,False,HD197_SEQTR,S3 CR,-5.535
"[-5.47,-5.33)",10968,3.009484472588756,False,HD197_SEQTR,S3 CR,-5.4
"[-5.33,-5.11)",10987,2.581241430629611,False,HD197_SEQTR,S3 CR,-5.220000000000001
"[-5.11,-2.07)",10977,3.321587746340913,False,HD197_SEQTR,S3 CR,-3.59
"[-5.99,-5.74)",10887,0.1732584375703062,False,HD197_SEQTR,S4 CR+trunc,-5.865
"[-5.74,-5.60)",11045,0.001000006365974592,True,HD197_SEQTR,S4 CR+trunc,-5.67
"[-5.60,-5.47)",10984,0.0010000067284992684,True,HD197_SEQTR,S4 CR+trunc,-5.535
"[-5.47,-5.33)",10968,0.0010000036550927966,True,HD197_SEQTR,S4 CR+trunc,-5.4
"[-5.33,-5.11)",10987,1.1595849605568014,False,HD197_SEQTR,S4 CR+trunc,-5.220000000000001
"[-5.11,-2.07)",10977,3.231465476957876,False,HD197_SEQTR,S4 CR+trunc,-3.59
"[-5.99,-5.53)",5754,5.898463022573811,False,HDBR01_SEQTR_ReSeq,S3 CR,-5.76
"[-5.53,-5.32)",5768,2.6506061207302376,False,HDBR01_SEQTR_ReSeq,S3 CR,-5.425000000000001
"[-5.32,-5.14)",5761,2.0129231611223717,False,HDBR01_SEQTR_ReSeq,S3 CR,-5.23
"[-5.14,-4.97)",5759,1.7691564428972772,False,HDBR01_SEQTR_ReSeq,S3 CR,-5.055
"[-4.97,-4.76)",5761,1.6388242805787916,False,HDBR01_SEQTR_ReSeq,S3 CR,-4.865
"[-4.76,-2.59)",5764,1.7105404690934896,False,HDBR01_SEQTR_ReSeq,S3 CR,-3.675
"[-5.99,-5.53)",5754,0.006420356359880387,False,HDBR01_SEQTR_ReSeq,S4 CR+trunc,-5.76
"[-5.53,-5.32)",5768,0.0010000036551939605,True,HDBR01_SEQTR_ReSeq,S4 CR+trunc,-5.425000000000001
"[-5.32,-5.14)",5761,0.0010000039956005763,True,HDBR01_SEQTR_ReSeq,S4 CR+trunc,-5.23
"[-5.14,-4.97)",5759,0.0010000062920506407,True,HDBR01_SEQTR_ReSeq,S4 CR+trunc,-5.055
"[-4.97,-4.76)",5761,1.0611905351600588,False,HDBR01_SEQTR_ReSeq,S4 CR+trunc,-4.865
"[-4.76,-2.59)",5764,1.5691245474165136,False,HDBR01_SEQTR_ReSeq,S4 CR+trunc,-3.675
"[-5.99,-5.63)",4607,12.373537382054582,False,HDBR02_SEQTR_ReSeq,S3 CR,-5.8100000000000005
"[-5.63,-5.44)",4599,3.9860603049562395,False,HDBR02_SEQTR_ReSeq,S3 CR,-5.535
"[-5.44,-5.25)",4630,2.632664880005027,False,HDBR02_SEQTR_ReSeq,S3 CR,-5.345000000000001
"[-5.25,-5.05)",4669,2.119954174691632,False,HDBR02_SEQTR_ReSeq,S3 CR,-5.15
"[-5.05,-4.79)",4622,1.8882544221046587,False,HDBR02_SEQTR_ReSeq,S3 CR,-4.92
"[-4.79,-0.70)",4634,2.159381492053996,False,HDBR02_SEQTR_ReSeq,S3 CR,-2.745
"[-5.99,-5.63)",4607,0.23177182649822764,False,HDBR02_SEQTR_ReSeq,S4 CR+trunc,-5.8100000000000005
"[-5.63,-5.44)",4599,0.0010000057119243923,True,HDBR02_SEQTR_ReSeq,S4 CR+trunc,-5.535
"[-5.44,-5.25)",4630,0.0010000067469645262,True,HDBR02_SEQTR_ReSeq,S4 CR+trunc,-5.345000000000001
"[-5.25,-5.05)",4669,0.0010000038705469904,True,HDBR02_SEQTR_ReSeq,S4 CR+trunc,-5.15
"[-5.05,-4.79)",4622,1.1846947048116478,False,HDBR02_SEQTR_ReSeq,S4 CR+trunc,-4.92
"[-4.79,-0.70)",4634,2.0668702155270005,False,HDBR02_SEQTR_ReSeq,S4 CR+trunc,-2.745
"[-5.99,-5.62)",11149,11.983256185473593,False,HDBR03_SEQTR_ReSeq,S3 CR,-5.805
"[-5.62,-5.43)",11321,3.9414767056676165,False,HDBR03_SEQTR_ReSeq,S3 CR,-5.525
"[-5.43,-5.26)",11223,2.729052952589727,False,HDBR03_SEQTR_ReSeq,S3 CR,-5.345
"[-5.26,-5.08)",11252,2.284851711104711,False,HDBR03_SEQTR_ReSeq,S3 CR,-5.17
"[-5.08,-4.85)",11243,1.9399117822845957,False,HDBR03_SEQTR_ReSeq,S3 CR,-4.965
"[-4.85,-1.52)",11241,1.9861952829848846,False,HDBR03_SEQTR_ReSeq,S3 CR,-3.1849999999999996
"[-5.99,-5.62)",11149,0.017656916140623237,False,HDBR03_SEQTR_ReSeq,S4 CR+trunc,-5.805
"[-5.62,-5.43)",11321,0.0010000061575295028,True,HDBR03_SEQTR_ReSeq,S4 CR+trunc,-5.525
"[-5.43,-5.26)",11223,0.0010000063917868479,True,HDBR03_SEQTR_ReSeq,S4 CR+trunc,-5.345
"[-5.26,-5.08)",11252,0.00100000477731461,True,HDBR03_SEQTR_ReSeq,S4 CR+trunc,-5.17
"[-5.08,-4.85)",11243,1.2522470805620398,False,HDBR03_SEQTR_ReSeq,S4 CR+trunc,-4.965
"[-4.85,-1.52)",11241,1.8495826469541274,False,HDBR03_SEQTR_ReSeq,S4 CR+trunc,-3.1849999999999996
"[-5.99,-5.48)",3270,5.851397282831127,False,HDBR06_SEQTR_ReSeq,S3 CR,-5.735
"[-5.48,-5.22)",3276,2.3571599344023513,False,HDBR06_SEQTR_ReSeq,S3 CR,-5.35
"[-5.22,-5.01)",3290,1.7127742006924644,False,HDBR06_SEQTR_ReSeq,S3 CR,-5.115
"[-5.01,-4.81)",3276,1.6166207977457794,False,HDBR06_SEQTR_ReSeq,S3 CR,-4.91
"[-4.81,-4.56)",3283,1.4671516373762106,False,HDBR06_SEQTR_ReSeq,S3 CR,-4.685
"[-4.56,-1.34)",3279,1.6284337599442875,False,HDBR06_SEQTR_ReSeq,S3 CR,-2.9499999999999997
"[-5.99,-5.48)",3270,0.056738273673327275,False,HDBR06_SEQTR_ReSeq,S4 CR+trunc,-5.735
"[-5.48,-5.22)",3276,0.0010000036882609155,True,HDBR06_SEQTR_ReSeq,S4 CR+trunc,-5.35
"[-5.22,-5.01)",3290,0.001000003555701763,True,HDBR06_SEQTR_ReSeq,S4 CR+trunc,-5.115
"[-5.01,-4.81)",3276,0.7805552491369188,False,HDBR06_SEQTR_ReSeq,S4 CR+trunc,-4.91
"[-4.81,-4.56)",3283,1.0857580697135105,False,HDBR06_SEQTR_ReSeq,S4 CR+trunc,-4.685
"[-4.56,-1.34)",3279,1.5523869838206157,False,HDBR06_SEQTR_ReSeq,S4 CR+trunc,-2.9499999999999997
