,,mid_log10_freq,mid_log10_freq,n_clones,n_clones,phi,phi
step,,S3 CR,S4 CR+trunc,S3 CR,S4 CR+trunc,S3 CR,S4 CR+trunc
patient,bin_rank,,,,,,
HD106_SEQTR,1,-5.85,-5.85,9346,9346,13.861,0.007
HD106_SEQTR,2,-5.625,-5.625,9462,9462,4.792,0.001
HD106_SEQTR,3,-5.48,-5.48,9401,9401,3.274,0.001
HD106_SEQTR,4,-5.335,-5.335,9409,9409,2.625,0.001
HD106_SEQTR,5,-5.155,-5.155,9413,9413,2.238,0.001
HD106_SEQTR,6,-3.515,-3.515,9410,9410,2.405,2.241
HD197_SEQTR,1,-5.865,-5.865,10887,10887,24.638,0.173
HD197_SEQTR,2,-5.67,-5.67,11045,11045,6.411,0.001
HD197_SEQTR,3,-5.535,-5.535,10984,10984,3.945,0.001
HD197_SEQTR,4,-5.4,-5.4,10968,10968,3.009,0.001
HD197_SEQTR,5,-5.22,-5.22,10987,10987,2.581,1.16
HD197_SEQTR,6,-3.59,-3.59,10977,10977,3.322,3.231
HDBR01_SEQTR_ReSeq,1,-5.76,-5.76,5754,5754,5.898,0.006
HDBR01_SEQTR_ReSeq,2,-5.425,-5.425,5768,5768,2.651,0.001
HDBR01_SEQTR_ReSeq,3,-5.23,-5.23,5761,5761,2.013,0.001
HDBR01_SEQTR_ReSeq,4,-5.055,-5.055,5759,5759,1.769,0.001
HDBR01_SEQTR_ReSeq,5,-4.865,-4.865,5761,5761,1.639,1.061
HDBR01_SEQTR_ReSeq,6,-3.675,-3.675,5764,5764,1.711,1.569
HDBR02_SEQTR_ReSeq,1,-5.81,-5.81,4607,4607,12.374,0.232
HDBR02_SEQTR_ReSeq,2,-5.535,-5.535,4599,4599,3.986,0.001
HDBR02_SEQTR_ReSeq,3,-5.345,-5.345,4630,4630,2.633,0.001
HDBR02_SEQTR_ReSeq,4,-5.15,-5.15,4669,4669,2.12,0.001
HDBR02_SEQTR_ReSeq,5,-4.92,-4.92,4622,4622,1.888,1.185
HDBR02_SEQTR_ReSeq,6,-2.745,-2.745,4634,4634,2.159,2.067
HDBR03_SEQTR_ReSeq,1,-5.805,-5.805,11149,11149,11.983,0.018
HDBR03_SEQTR_ReSeq,2,-5.525,-5.525,11321,11321,3.941,0.001
HDBR03_SEQTR_ReSeq,3,-5.345,-5.345,11223,11223,2.729,0.001
HDBR03_SEQTR_ReSeq,4,-5.17,-5.17,11252,11252,2.285,0.001
HDBR03_SEQTR_ReSeq,5,-4.965,-4.965,11243,11243,1.94,1.252
HDBR03_SEQTR_ReSeq,6,-3.185,-3.185,11241,11241,1.986,1.85
HDBR06_SEQTR_ReSeq,1,-5.735,-5.735,3270,3270,5.851,0.057
HDBR06_SEQTR_ReSeq,2,-5.35,-5.35,3276,3276,2.357,0.001
HDBR06_SEQTR_ReSeq,3,-5.115,-5.115,3290,3290,1.713,0.001
HDBR06_SEQTR_ReSeq,4,-4.91,-4.91,3276,3276,1.617,0.781
HDBR06_SEQTR_ReSeq,5,-4.685,-4.685,3283,3283,1.467,1.086
HDBR06_SEQTR_ReSeq,6,-2.95,-2.95,3279,3279,1.628,1.552
