patient,step,phi,at_bound,n_clones,seconds
HD106_SEQTR,S3 CR,2.985263589235275,False,56441,2.0
HD106_SEQTR,S4 CR+trunc,0.020562732748739716,False,56441,102.1
HD197_SEQTR,S3 CR,3.683241035200348,False,65848,2.5
HD197_SEQTR,S4 CR+trunc,0.9371491953948765,False,65848,121.5
HDBR01_SEQTR_ReSeq,S3 CR,2.034098264647506,False,34567,1.1
HDBR01_SEQTR_ReSeq,S4 CR+trunc,0.7578934681414856,False,34567,53.0
HDBR02_SEQTR_ReSeq,S3 CR,2.5349122055477937,False,27761,0.7
HDBR02_SEQTR_ReSeq,S4 CR+trunc,0.7743842137826354,False,27761,34.0
HDBR03_SEQTR_ReSeq,S3 CR,2.4782560638029847,False,67429,2.1
HDBR03_SEQTR_ReSeq,S4 CR+trunc,0.541323128764858,False,67429,82.6
HDBR06_SEQTR_ReSeq,S3 CR,1.8581556228963794,False,19674,0.5
HDBR06_SEQTR_ReSeq,S4 CR+trunc,0.9512069708336134,False,19674,20.5
