patient,day1,day2,gap_days,n_clones,median_d,var_d,poisson,excess
BR032,26,47,21,2455,0.08231060756811104,0.8117630639219978,0.019473583070823444,0.7922894808511743
BR032,26,110,84,2020,0.04770756481730576,1.0105460869132226,0.018258775627778834,0.9922873112854438
BR032,26,187,161,1862,0.10699997488397006,1.3319501444436392,0.01811469332391879,1.3138354511197206
BR032,26,425,399,2130,0.200397370049485,1.308121570783641,0.016503763727694246,1.2916178070559468
BR032,47,110,63,2409,-0.060285244730653886,1.0082405182297975,0.02262075207987132,0.9856197661499262
BR032,47,187,140,2143,-0.005394874577200781,1.2251689083965536,0.022349157268034353,1.2028197511285192
BR032,47,425,378,2476,0.0558967368916905,1.3423395242260274,0.02103223189606247,1.321307292329965
BR032,110,187,77,1872,0.01873839252216225,1.0632123858581386,0.018277654037735278,1.0449347318204034
BR032,110,425,315,2141,0.0705648509036898,1.3502686426670947,0.017205674720972113,1.3330629679461226
BR032,187,425,238,1895,-0.030249492055050453,1.4727503077955373,0.014871466479936157,1.4578788413156012
BR037,0,119,119,963,0.13674229430914586,1.98795526734887,0.02906505178109483,1.9588902155677752
BR037,0,189,189,808,0.4865915720597558,1.8254286641825803,0.023243274769692113,1.8021853894128883
BR037,0,218,218,1359,0.1203997566642716,1.3926160849158549,0.023313348281506992,1.369302736634348
BR037,0,364,364,1492,0.43581117605601705,1.5299428213795268,0.02267419307733631,1.5072686283021905
BR037,119,189,70,697,0.2760140598575873,1.9379017082272543,0.026586413711598107,1.9113152945156562
BR037,119,218,99,1084,-0.11050777366131381,2.2186329562257834,0.027407733885716157,2.1912252223400674
BR037,119,364,245,1169,0.1844821642974015,2.565212682841624,0.026816131134933807,2.53839655170669
BR037,189,218,29,1168,-0.3749995482505577,1.8265614924897386,0.02109902928443628,1.8054624632053025
BR037,189,364,175,1026,-0.07038521995742819,1.911172842832522,0.01851206291774488,1.8926607799147772
BR037,218,364,146,1951,0.20744695199232766,1.5529416504421758,0.020675639433384588,1.5322660110087911
BR046,0,18,18,3693,0.010386148090915981,1.2189211281751977,0.016212833989347447,1.2027082941858502
BR046,0,120,120,2844,-0.30409084021053534,1.5915565703061645,0.01855953835439229,1.572997031951772
BR046,0,194,194,3089,-0.2982853723526553,1.4331847362948074,0.01764777048062468,1.4155369658141828
BR046,0,222,222,3133,-0.17046302054883355,1.409248300244291,0.018242257269812302,1.3910060429744788
BR046,0,372,372,3330,0.19338185509593941,1.7794344548580154,0.017592425094303074,1.7618420297637123
BR046,18,120,102,2672,-0.3751330079472881,1.3520497012523423,0.016840578184105167,1.335209123068237
BR046,18,194,176,2986,-0.2796341007436318,1.123950387675007,0.01577378229599377,1.1081766053790132
BR046,18,222,204,3027,-0.16321016764593566,1.1317565433143715,0.01678290999302368,1.1149736333213478
BR046,18,372,354,3198,0.14382230181586397,1.6789573968612785,0.016143867115158007,1.6628135297461206
BR046,120,194,74,3090,-0.2764110540632503,1.8436459152395042,0.01739692475547372,1.8262489904840304
BR046,120,222,102,3070,-0.09909993653196647,1.9935085991195687,0.019228510377403495,1.9742800887421652
BR046,120,372,252,2947,0.22605734229376928,2.6500072169265554,0.019863492146543517,2.630143724780012
BR046,194,222,28,3114,0.08906843553322563,0.9469147125705265,0.016052572923468362,0.9308621396470581
BR046,194,372,178,3055,0.28765191704557935,1.74516961406335,0.01642617323245715,1.7287434408308928
BR046,222,372,150,3222,0.15422148102721422,1.5391691339269427,0.01719708674066694,1.5219720471862757
BR048,0,22,22,2109,0.16384235332100516,1.8390375331007955,0.018485049802314076,1.8205524832984814
BR048,0,112,112,2285,0.021271462425577425,0.9980047160826586,0.01394816926932773,0.9840565468133309
BR048,0,161,161,2755,0.1449479713753945,0.9008668896497728,0.012737923167240565,0.8881289664825323
BR048,0,212,212,2578,0.14127607616413496,0.9618175784188036,0.013746893494718493,0.9480706849240851
BR048,0,371,371,2622,0.15232320990202375,0.909384934609503,0.0141527922806977,0.8952321423288053
BR048,22,112,90,2075,-0.1461410971688526,1.813928567058191,0.016549390369300684,1.7973791766888905
BR048,22,161,139,2592,-0.056115324297415725,2.1488231940194686,0.0161789005842891,2.1326442934351797
BR048,22,212,190,2382,-0.01942596595299806,2.0631693313510824,0.016832977758937016,2.0463363535921455
BR048,22,371,349,2658,0.0026005683475442964,1.9710948925127367,0.01899497907022293,1.9520999134425139
BR048,112,161,49,2878,0.11555209918576992,0.9449950686773861,0.011183985633539239,0.9338110830438469
BR048,112,212,100,2712,0.05182827417135094,1.0004653573300508,0.012803768480597425,0.9876615888494534
BR048,112,371,259,2696,0.10544033264440422,0.995514559427573,0.01272587545995495,0.9827886839676181
BR048,161,212,51,3418,-0.05859698868007612,0.8063729775851001,0.010593976936878585,0.7957790006482215
BR048,161,371,210,3395,-0.030066087758418902,0.6690393678522086,0.011082172557931987,0.6579571952942767
BR048,212,371,159,3249,0.0050378126160541825,0.8050650633650733,0.012228358476587261,0.7928367048884861
BR052,0,18,18,2989,0.3659912827876841,1.3010373256030208,0.019012401766825324,1.2820249238361954
BR052,0,87,87,2754,0.31012849747510796,1.4214091300456642,0.018701137956843424,1.4027079920888208
BR052,0,348,348,2785,0.3753073260643962,1.3943568982001355,0.017345624214503336,1.3770112739856322
BR052,18,87,69,2299,-0.1290427038146138,1.4105677679862536,0.02019327131810441,1.3903744966681493
BR052,18,348,330,2320,-0.05885214507622383,1.7704159455231174,0.019621093302402096,1.7507948522207153
BR052,87,348,261,2354,0.04391134299467847,1.621729854361478,0.019937318527935295,1.6017925358335428
BR054,0,19,19,3709,-0.26079258064866906,1.158372140124484,0.0163260277140835,1.1420461124104004
BR054,0,68,68,3957,0.07865489504484735,0.5901194251366576,0.012239993006768998,0.5778794321298886
BR054,0,187,187,3566,-0.03960623431890653,0.7259917426779214,0.014027399349921508,0.711964343328
BR054,0,327,327,2573,0.3709862804629971,2.240802520321228,0.01828792403400016,2.2225145962872275
BR054,19,68,49,3596,0.3313300394556098,1.309669216297755,0.016831913879498978,1.292837302418256
BR054,19,187,168,3184,0.16332381505806826,1.604440207381036,0.017691561362351175,1.5867486460186848
BR054,19,327,308,2222,0.6223194125227325,2.4499338507222785,0.018966444879274978,2.4309674058430035
BR054,68,187,119,3744,-0.16249840412956384,0.6633571296647626,0.01410008311824157,0.6492570465465209
BR054,68,327,259,2543,0.23520615827071722,2.2142075621236295,0.017917603163589802,2.1962899589600395
BR054,187,327,140,2477,0.27637061223644466,1.7424693137170555,0.018029353457297243,1.7244399602597582
