patient,day,N_t,n_clones,obs_detect_rate,pred_detect_rate,pred_detect_rate_nb_only,N_t_rel
HD106_SEQTR,0,140169.76949831567,41905,0.4377520582269419,0.40610182000676537,0.7749731648773013,0.8561791986883742
HD106_SEQTR,46,153130.95755208613,40879,0.47503608209594167,0.44025370849377404,0.8111463378370249,0.9353481924139426
HD106_SEQTR,82,174299.95810914243,39716,0.49858998892134154,0.4644204201120795,0.7836790559899651,1.0646518075860572
HD106_SEQTR,131,222518.28481700105,35760,0.5926733780760627,0.547717794162399,0.8232493950699628,1.3591769999337888
HD197_SEQTR,0,320148.01048359834,47102,0.5650290858137659,0.532327181595874,0.7442918975355568,1.085258285762793
HD197_SEQTR,46,362035.43986533175,46086,0.5980341101419087,0.5666422633285335,0.7637796728141611,1.2272509838812746
HD197_SEQTR,82,269846.1221271039,49417,0.5203877208248173,0.4883223341975541,0.7491272874404554,0.9147417142372071
HD197_SEQTR,131,266887.0395212327,49065,0.5309283603383267,0.49466756299184717,0.7594002277569482,0.904710825988277
HDBR01_SEQTR_ReSeq,0,52125.81717588338,24493,0.40603437716898705,0.37217577424748194,0.9014368333546288,0.9506355534951214
HDBR01_SEQTR_ReSeq,21,71122.51295732331,21463,0.5085495969808508,0.459744902701927,0.8992811646162152,1.2970844992801434
HDBR01_SEQTR_ReSeq,42,52120.076156095805,24438,0.404493002700712,0.3719194138656282,0.8937372543068594,0.9505308526420878
HDBR01_SEQTR_ReSeq,126,57539.378880032666,23056,0.4498612074947953,0.40452747393087807,0.9080978524348782,1.0493644465048786
HDBR02_SEQTR_ReSeq,0,239690.50291773418,14179,0.7192326680301855,0.6607636970464293,0.8669175494485073,1.0
HDBR02_SEQTR_ReSeq,48,117004.01410875644,20534,0.496639719489627,0.4546566148239374,0.872530928194265,0.48814622475432073
HDBR02_SEQTR_ReSeq,71,999993137.3287227,13444,0.758554001785183,0.8529257574537696,0.8529257574537696,4172.0181866026505
HDBR03_SEQTR_ReSeq,0,56688.58755054376,58855,0.33434712428850566,0.31138016363586457,0.8572137052617471,0.6982798644198172
HDBR03_SEQTR_ReSeq,21,150620.08229720354,46977,0.6048066074887711,0.5504855830786647,0.833817064135735,1.8553111867819707
HDBR03_SEQTR_ReSeq,35,80746.19523225073,54623,0.43913735972026435,0.39641438567680987,0.8494456842317339,0.9946171653848394
HDBR03_SEQTR_ReSeq,66,102743.1847721198,51592,0.5081214141727399,0.45793920459074916,0.8329779062107072,1.2655721412845093
HDBR03_SEQTR_ReSeq,84,81183.19092251765,54100,0.44521256931608133,0.4028521445311429,0.8539943467025013,1.0
HDBR06_SEQTR_ReSeq,0,50376.016601505056,13252,0.5095834591005132,0.4580692145192722,0.9194766092865686,0.7305464735862686
HDBR06_SEQTR_ReSeq,82,68956.62141000845,10847,0.6225684521065733,0.553554440440408,0.9135631943745434,1.0
HDBR06_SEQTR_ReSeq,105,104791.82975170715,9065,0.7449531163816878,0.664146023541681,0.9197437156340236,1.5196775539309926
