patient,w,tau,typical_fold,frac_gt_2fold,frac_gt_4fold,expected_non_neutral,n_called,n_called_up,n_called_down,n_tested,log_marginal_lik,fixed_hyper,degenerate_w,group
BR032,0.19267769174772856,0.6931471805599453,2.0,0.07111939450703558,0.026247325416861204,775.7201478611877,7,7,0,4026,-115134.45087649272,False,False,patient
BR037,6.144174602214718e-06,0.6931471805599453,2.0,2.26788048731214e-06,8.369840262228729e-07,0.011410755898222824,0,0,0,1933,-53601.961059564856,False,False,patient
BR046,0.34311419286348205,0.8975154558615862,2.4534997038963406,0.15883774456188252,0.07348573496218634,2216.1745625569556,81,64,17,6459,-218546.99199202983,False,False,patient
BR048,0.06453685484386974,1.7230938603299235,5.601832970412354,0.042827667392055256,0.028288546851896284,448.530666903352,25,10,15,6950,-233516.55286486016,False,False,patient
BR052,0.2694301842645972,0.6931471805599453,2.0,0.09944955948457937,0.03670285677273341,995.0056163565465,18,14,4,3693,-90459.29822741396,False,False,patient
BR054,0.9975273768433653,0.7607866011427479,2.1399588527088227,0.40227485850862865,0.1621857106684866,7022.706694171802,0,0,0,7040,-200666.80044843146,False,True,patient
HD106_SEQTR,6.144174602214718e-06,0.6931471805599453,2.0,2.26788048731214e-06,8.369840262228729e-07,0.03132052388025541,0,0,0,5384,-150836.44001109025,False,False,donor
HD197_SEQTR,6.144174602214718e-06,0.6931471805599453,2.0,2.26788048731214e-06,8.369840262228729e-07,0.03482362802293959,0,0,0,6496,-181687.69042780268,False,False,donor
HDBR01_SEQTR_ReSeq,6.144174602214718e-06,0.6931471805599453,2.0,2.26788048731214e-06,8.369840262228729e-07,0.030327552036770622,0,0,0,5091,-136032.0725372638,False,False,donor
HDBR02_SEQTR_ReSeq,6.144174602214718e-06,0.6931471805599453,2.0,2.26788048731214e-06,8.369840262228729e-07,0.02604501700226025,0,0,0,5109,-97699.37991660577,False,False,donor
HDBR03_SEQTR_ReSeq,0.24634776048374518,0.772798814492179,2.1658195058891416,0.1007550732465872,0.04119705908100605,2253.5882315670074,34,12,22,9148,-268630.23220528243,False,False,donor
HDBR06_SEQTR_ReSeq,6.144174602214718e-06,0.6931471805599453,2.0,2.26788048731214e-06,8.369840262228729e-07,0.025256113795483537,0,0,0,4484,-96112.40484076498,False,False,donor
