patient,day,phi,phi_sample,source
BR032,26,1.6266187504774945,1.6266187504774945,own
BR032,47,1.5090608704470618,1.5090608704470618,own
BR032,110,1.753365003266041,1.797312126003923,donor reference
BR032,187,1.6771754700332178,1.6771754700332178,own
BR032,425,1.7448620076326182,1.7448620076326182,own
BR037,0,1.2009039306662008,1.2009039306662008,own
BR037,119,1.0733024930822768,1.0733024930822768,own
BR037,189,1.1429461206524987,1.1429461206524987,own
BR037,218,1.1726368159072977,1.1726368159072977,own
BR037,364,1.526084641870865,1.526084641870865,own
BR046,0,1.530126065966398,1.530126065966398,own
BR046,18,1.753365003266041,1.8419966645959231,donor reference
BR046,120,1.3853119928183601,1.3853119928183601,own
BR046,194,1.5727938082329092,1.5727938082329092,own
BR046,222,1.6177534433566303,1.6177534433566303,own
BR046,372,1.1218615274798107,1.1218615274798107,own
BR048,0,1.753365003266041,1.7899312576024706,donor reference
BR048,22,1.0925945649420512,1.0925945649420512,own
BR048,112,1.753365003266041,1.7561121686805459,donor reference
BR048,161,1.753365003266041,1.9385740429204763,donor reference
BR048,212,1.753365003266041,1.7658312103224552,donor reference
BR048,371,1.753365003266041,1.795430901155862,donor reference
BR052,0,1.4911947321132528,1.4911947321132528,own
BR052,18,1.6173305576810884,1.6173305576810884,own
BR052,87,1.4269018371817666,1.4269018371817666,own
BR052,348,1.4286765857153139,1.4286765857153139,own
