patient,day,N_t,n_clones,obs_detect_rate,pred_detect_rate,pred_detect_rate_nb_only,N_t_raw,flagged,low_capture,N_t_rel
BR032,26,50642.50707575977,28907,0.38450894247068185,0.3429116946822462,0.8402774745659801,50642.50707575977,False,False,1.1407731569736965
BR032,47,77717.97480719657,25244,0.48621454603074,0.43359924954236145,0.8077318748636408,77717.97480719657,False,False,1.7506751658597215
BR032,110,44393.144041105326,30834,0.32593889861840825,0.2935682783057476,0.8057401348084675,44393.144041105326,False,False,1.0
BR032,187,30947.71196290961,33954,0.2492784355304235,0.2284500605449315,0.8466758174356295,30947.71196290961,False,False,0.6971281857003399
BR032,425,42424.9891857853,31113,0.3042779545527593,0.2765616656442696,0.7928794561043616,42424.9891857853,False,False,0.9556653420740456
BR037,0,16569.24689652245,9865,0.3116066903193107,0.2630682805603203,0.7882290719201321,16569.24689652245,False,False,1.0
BR037,119,11057.611322235245,11039,0.21741099737295044,0.1910659099711384,0.7988117671306578,11057.611322235245,False,False,0.6673575082375056
BR037,189,9752.003172045199,11624,0.192618719889883,0.17049683744429583,0.846242868525159,9752.003172045199,False,False,0.5885604356642152
BR037,218,23535.202849910434,8653,0.3902692707731423,0.3302956843836399,0.8265774733885727,23535.202849910434,False,False,1.420414759758936
BR037,364,19131.334881609462,9717,0.30729649068642584,0.26153238051192607,0.7731579765385095,19131.334881609462,False,False,1.1546291150761199
BR046,0,39033.53282415442,32297,0.4151469176703719,0.3597828141434426,0.8538170014570292,39033.53282415442,False,False,1.1486387613799032
BR046,18,32612.4054497273,34153,0.3548150967704155,0.30796527552030406,0.8239721608385173,32612.4054497273,False,False,0.9596844121220139
BR046,120,28807.02774954161,35542,0.31022452309943166,0.27748931812672717,0.8000683757812237,28807.02774954161,False,False,0.8477036609095804
BR046,194,35352.44849140553,34085,0.37776147865630044,0.3342062331316901,0.8482908433217169,35352.44849140553,False,False,1.0403155878779862
BR046,222,43313.050929802856,33586,0.41305901268385636,0.36848298708430155,0.8250542673131955,43313.050929802856,False,False,1.2745720300471206
BR046,372,30949.792615134906,35879,0.3196019955963098,0.290545773272697,0.8268345081943927,30949.792615134906,False,False,0.910758747217843
BR048,0,50659.56487900986,43640,0.34188817598533455,0.3056391769186744,0.7929564374541932,50659.56487900986,False,False,0.8533935005485618
BR048,22,28826.759670908134,47468,0.21115277660739867,0.1960427905468783,0.7766896726705462,28826.759670908134,False,False,0.48560561867797114
BR048,112,44237.21141892582,44977,0.3136047313071125,0.2811382354791021,0.8250753314315259,44237.21141892582,False,False,0.7452047564456257
BR048,161,77656.890502496,40164,0.4651678119709192,0.41124935724042827,0.83460459789018,77656.890502496,False,False,1.308181106290953
BR048,212,73143.2657864876,40421,0.4534029341184038,0.39939634370370136,0.8300679165046614,73143.2657864876,False,False,1.2321461461455905
BR048,371,68065.41919093177,41170,0.43687150837988825,0.384336522318859,0.8479809568402688,68065.41919093177,False,False,1.1466064994514384
BR052,0,87504.50236731162,12152,0.576530612244898,0.5307669254923888,0.7421863156348716,87504.50236731162,False,False,2.249967790612282
BR052,18,35861.3406239601,14861,0.4246685956530516,0.37302396897391754,0.8825596740498504,35861.3406239601,False,False,0.9220881114595946
BR052,87,41631.80887608255,14103,0.44451535134368575,0.3915682545587893,0.8153526913088543,41631.80887608255,False,False,1.0704618219862467
BR052,348,36151.08449013678,15042,0.4230820369631698,0.37066606215761183,0.8734556018921986,36151.08449013678,False,False,0.9295381780137532
