bin_log10_freq,mid_log10_freq,n_clones,phi,step,floor
"[-5.30,-5.21)",-5.255,21635,2.4092594958312716,S3 + exact NB mean,5
"[-5.21,-5.12)",-5.165,21636,2.210372077249947,S3 + exact NB mean,5
"[-5.12,-5.01)",-5.0649999999999995,21618,2.0489454485576544,S3 + exact NB mean,5
"[-5.01,-4.86)",-4.9350000000000005,21656,1.9492193570891592,S3 + exact NB mean,5
"[-4.86,-4.64)",-4.75,21636,1.9135832416248575,S3 + exact NB mean,5
"[-4.64,-0.70)",-2.67,21637,2.2955961967610006,S3 + exact NB mean,5
"[-5.30,-5.21)",-5.255,21635,0.0010000065785150437,S4 + truncation (new),5
"[-5.21,-5.12)",-5.165,21636,0.0010000060383360402,S4 + truncation (new),5
"[-5.12,-5.01)",-5.0649999999999995,21618,1.115796136484451,S4 + truncation (new),5
"[-5.01,-4.86)",-4.9350000000000005,21656,1.4135044157535306,S4 + truncation (new),5
"[-4.86,-4.64)",-4.75,21636,1.6529735606681426,S4 + truncation (new),5
"[-4.64,-0.70)",-2.67,21637,2.259503588960968,S4 + truncation (new),5
"[-5.00,-4.93)",-4.965,10660,1.9591847816520607,S3 + exact NB mean,10
"[-4.93,-4.86)",-4.895,10659,1.9302607645983743,S3 + exact NB mean,10
"[-4.86,-4.77)",-4.8149999999999995,10667,1.918288680584854,S3 + exact NB mean,10
"[-4.77,-4.64)",-4.705,10665,1.915842889715905,S3 + exact NB mean,10
"[-4.64,-4.44)",-4.54,10663,2.0016646910732896,S3 + exact NB mean,10
"[-4.44,-0.70)",-2.5700000000000003,10663,2.6437009060823398,S3 + exact NB mean,10
"[-5.00,-4.93)",-4.965,10660,1.347707212562123,S4 + truncation (new),10
"[-4.93,-4.86)",-4.895,10659,1.4789853700871156,S4 + truncation (new),10
"[-4.86,-4.77)",-4.8149999999999995,10667,1.602197939922757,S4 + truncation (new),10
"[-4.77,-4.64)",-4.705,10665,1.7131315218849312,S4 + truncation (new),10
"[-4.64,-4.44)",-4.54,10663,1.9067781914540636,S4 + truncation (new),10
"[-4.44,-0.70)",-2.5700000000000003,10663,2.6363736594236715,S4 + truncation (new),10
"[-4.70,-4.64)",-4.67,4309,1.9291839248427907,S3 + exact NB mean,20
"[-4.64,-4.58)",-4.609999999999999,4308,1.9268513322648146,S3 + exact NB mean,20
"[-4.58,-4.49)",-4.535,4311,2.006953134671581,S3 + exact NB mean,20
"[-4.49,-4.37)",-4.43,4308,2.1025364454930218,S3 + exact NB mean,20
"[-4.37,-4.17)",-4.27,4310,2.4012818031426013,S3 + exact NB mean,20
"[-4.17,-0.70)",-2.435,4310,3.3520813391019075,S3 + exact NB mean,20
"[-4.70,-4.64)",-4.67,4309,1.7579593625491787,S4 + truncation (new),20
"[-4.64,-4.58)",-4.609999999999999,4308,1.7921913431074858,S4 + truncation (new),20
"[-4.58,-4.49)",-4.535,4311,1.918633363476492,S4 + truncation (new),20
"[-4.49,-4.37)",-4.43,4308,2.0527111765785477,S4 + truncation (new),20
"[-4.37,-4.17)",-4.27,4310,2.386596907566167,S4 + truncation (new),20
"[-4.17,-0.70)",-2.435,4310,3.351785890838282,S4 + truncation (new),20
