step,bin_log10_freq,mid_log10_freq,n_clones,phi
S0 legacy,"[-5.98,-5.71)",-5.846,,995824.032
S0 legacy,"[-5.71,-5.59)",-5.653,,15.257
S0 legacy,"[-5.59,-5.49)",-5.54,,7.89
S0 legacy,"[-5.49,-5.39)",-5.44,,5.635
S0 legacy,"[-5.39,-5.29)",-5.341,,4.423
S0 legacy,"[-5.29,-5.19)",-5.239,,3.735
S0 legacy,"[-5.19,-5.07)",-5.126,,3.242
S0 legacy,"[-5.07,-4.92)",-4.991,,2.84
S0 legacy,"[-4.92,-4.69)",-4.804,,2.637
S0 legacy,"[-4.69,-0.69)",-2.69,,2.934
"S1 sparse, no corrections","[-5.30,-5.21)",-5.255,21635.0,3.722
"S1 sparse, no corrections","[-5.21,-5.12)",-5.165,21636.0,3.338
"S1 sparse, no corrections","[-5.12,-5.01)",-5.065,21618.0,3.02
"S1 sparse, no corrections","[-5.01,-4.86)",-4.935,21656.0,2.798
"S1 sparse, no corrections","[-4.86,-4.64)",-4.75,21636.0,2.666
"S1 sparse, no corrections","[-4.64,-0.70)",-2.67,21637.0,3.059
S2 + Cox-Reid,"[-5.30,-5.21)",-5.255,21635.0,2.367
S2 + Cox-Reid,"[-5.21,-5.12)",-5.165,21636.0,2.17
S2 + Cox-Reid,"[-5.12,-5.01)",-5.065,21618.0,2.009
S2 + Cox-Reid,"[-5.01,-4.86)",-4.935,21656.0,1.907
S2 + Cox-Reid,"[-4.86,-4.64)",-4.75,21636.0,1.87
S2 + Cox-Reid,"[-4.64,-0.70)",-2.67,21637.0,2.238
S3 + exact NB mean,"[-5.30,-5.21)",-5.255,21635.0,2.409
S3 + exact NB mean,"[-5.21,-5.12)",-5.165,21636.0,2.21
S3 + exact NB mean,"[-5.12,-5.01)",-5.065,21618.0,2.049
S3 + exact NB mean,"[-5.01,-4.86)",-4.935,21656.0,1.949
S3 + exact NB mean,"[-4.86,-4.64)",-4.75,21636.0,1.914
S3 + exact NB mean,"[-4.64,-0.70)",-2.67,21637.0,2.296
S4 + truncation (new),"[-5.30,-5.21)",-5.255,21635.0,0.001
S4 + truncation (new),"[-5.21,-5.12)",-5.165,21636.0,0.001
S4 + truncation (new),"[-5.12,-5.01)",-5.065,21618.0,1.116
S4 + truncation (new),"[-5.01,-4.86)",-4.935,21656.0,1.414
S4 + truncation (new),"[-4.86,-4.64)",-4.75,21636.0,1.653
S4 + truncation (new),"[-4.64,-0.70)",-2.67,21637.0,2.26
