patient,day,phi_sample,phi_person,rel,n_rows,identifiable
HD106_SEQTR,0,2.0000761450968807,2.472316375664801,1.2361111259316806,6328,True
HD106_SEQTR,46,2.833053653835871,2.472316375664801,0.8726683916901318,6698,True
HD106_SEQTR,82,2.663528496695406,2.472316375664801,0.9282109722993995,6734,True
HD106_SEQTR,131,2.5481881105833533,2.472316375664801,0.970225222147676,6964,True
HD197_SEQTR,0,3.6436568800061133,3.683503408682554,1.0109358619619457,7167,True
HD197_SEQTR,46,3.8855625361118777,3.683503408682554,0.9479974583985165,7370,True
HD197_SEQTR,82,3.8375085018716377,3.683503408682554,0.9598684685352562,7221,True
HD197_SEQTR,131,3.4039583683036976,3.683503408682554,1.0821235191892675,7124,True
HDBR01_SEQTR_ReSeq,0,1.6164891443945082,1.682500981019754,1.0408365480548725,8224,True
HDBR01_SEQTR_ReSeq,21,1.6712108046895817,1.682500981019754,1.006755686534871,9138,True
HDBR01_SEQTR_ReSeq,42,1.911626940486601,1.682500981019754,0.8801408608478161,7989,True
HDBR01_SEQTR_ReSeq,126,1.579926300565135,1.682500981019754,1.0649237122123534,8524,True
HDBR02_SEQTR_ReSeq,0,2.5547020732142243,2.0347147377726764,0.7964587178702522,7202,True
HDBR02_SEQTR_ReSeq,48,1.5618431609693426,2.0347147377726764,1.302765084625943,6723,True
HDBR02_SEQTR_ReSeq,71,2.244509115958626,2.0347147377726764,0.9065299504937199,7414,True
HDBR03_SEQTR_ReSeq,0,1.493352686693669,1.953399828101799,1.30806328974215,11232,True
HDBR03_SEQTR_ReSeq,21,1.9130791040020603,1.953399828101799,1.021076349647743,14563,True
HDBR03_SEQTR_ReSeq,35,2.2779202168259216,1.953399828101799,0.857536543059303,12127,True
HDBR03_SEQTR_ReSeq,66,2.1432550506558625,1.953399828101799,0.9114173450817412,12945,True
HDBR03_SEQTR_ReSeq,84,2.1284805100461868,1.953399828101799,0.9177438171888224,12133,True
HDBR06_SEQTR_ReSeq,0,1.5278120384407385,1.608858219173341,1.0530472196143428,7148,True
HDBR06_SEQTR_ReSeq,82,1.7276110069105886,1.608858219173341,0.9312618481462398,7987,True
HDBR06_SEQTR_ReSeq,105,1.580654128825396,1.608858219173341,1.017843302866582,8671,True
