patient,day,v_sample,v_rel_to_person_median
BR032,26,0.3996334379646921,0.8606145836527158
BR032,47,0.4067739978182021,0.8759918503215745
BR032,110,0.4643581988449737,1.0
BR032,187,0.6246215574577791,1.3451287368489202
BR032,425,0.5183765980927892,1.1163291600798237
BR037,0,0.4656144774249737,0.6591802207503104
BR037,119,1.301654177432927,1.8427792296451038
BR037,189,0.9728513471449829,1.377286138770458
BR037,218,0.7063538358219988,1.0
BR037,364,0.7027483130239507,0.9948955854485417
BR046,0,0.6418232881329952,1.1048788157805491
BR046,18,0.40604381794560085,0.6989917957507735
BR046,120,1.044861960203888,1.7986973464337697
BR046,194,0.5199752348653387,0.8951211842194507
BR046,222,0.4750830599656679,0.8178407022580614
BR046,372,0.9139588340314782,1.5733516886779324
BR048,0,0.35175502064572267,0.9157388857057975
BR048,22,1.4242684240781602,3.707858887748178
BR048,112,0.5094849083930391,1.326363846745666
BR048,161,0.32891453965762685,0.8562772849285645
BR048,212,0.4164880367070524,1.0842611142942025
BR048,371,0.15414286885845757,0.40128672139154936
BR052,0,0.5294563230233092,0.8283016468305525
BR052,18,0.7119409412844515,1.1137875372697048
BR052,87,0.7150941450883065,1.1187205294542375
BR052,348,0.5664733297706469,0.8862124627302951
BR054,0,0.23374505768890608,0.8591400207969021
BR054,19,0.9494230215558036,3.4896451824453893
BR054,68,0.27030794909957384,0.9935285019803777
BR054,187,0.2720686407695151,1.0
BR054,327,1.437466307818803,5.283469288313029
