patient,fold,band,n_spiked,frac_tested,power_all,power_tested,sign_correct,est_over_true_logfold
BR032,2.0,"(-4.0, inf]",44,1.0,0.0,0.0,,
BR032,2.0,"(-5.0, -4.0]",4821,0.5660354131799332,0.0,0.0,,
BR032,2.0,"(-inf, -5.0]",15809,0.04688087215785996,0.0,0.0,,
BR032,4.0,"(-4.0, inf]",32,1.0,0.030303030303030304,0.030303030303030304,1.0,3.1636265797468313
BR032,4.0,"(-5.0, -4.0]",4821,0.5817577993600567,0.0018879394073265767,0.0032421321964886253,1.0,2.5898813993411345
BR032,4.0,"(-inf, -5.0]",15692,0.05254572613095301,0.0,0.0,,
BR032,10.0,"(-4.0, inf]",29,1.0,0.1111111111111111,0.1111111111111111,1.0,1.7923599920340152
BR032,10.0,"(-5.0, -4.0]",4788,0.5788073196888041,0.018557436034452035,0.03213058594296673,1.0,1.5859034266769672
BR032,10.0,"(-inf, -5.0]",15659,0.059604472827833425,6.313131313131313e-05,0.001044932079414838,1.0,1.4234411600873722
BR032,30.0,"(-4.0, inf]",27,1.0,0.42020202020202024,0.42020202020202024,1.0,1.328149084547041
BR032,30.0,"(-5.0, -4.0]",4762,0.5796118794965817,0.09615467795479571,0.16573530133387168,1.0,1.1606641954295531
BR032,30.0,"(-inf, -5.0]",15711,0.0697035884541603,0.0017175371461402645,0.02475015786728166,1.0,1.1964031441988594
BR037,2.0,"(-4.0, inf]",240,0.9753030303030302,0.0,0.0,,
BR037,2.0,"(-5.0, -4.0]",4969,0.23429806612292456,0.0,0.0,,
BR037,2.0,"(-inf, -5.0]",7094,0.00394233490414178,0.0,0.0,,
BR037,4.0,"(-4.0, inf]",219,0.9547762865840669,0.0,0.0,,
BR037,4.0,"(-5.0, -4.0]",5138,0.22439682517978388,0.0,0.0,,
BR037,4.0,"(-inf, -5.0]",7191,0.0023659857091751432,0.0,0.0,,
BR037,10.0,"(-4.0, inf]",212,0.9286064078202255,0.018529548011382437,0.019750195160031226,1.0,1.8426351280488893
BR037,10.0,"(-5.0, -4.0]",5174,0.23335722954504765,0.00019036740909956216,0.0008210180623973727,1.0,2.0
BR037,10.0,"(-inf, -5.0]",7070,0.002124418692714829,0.0,0.0,,
BR037,30.0,"(-4.0, inf]",233,0.9137226180364149,0.2204641715926754,0.2416329578220154,1.0,1.353984985057691
BR037,30.0,"(-5.0, -4.0]",5020,0.24909275874288697,0.009746484355267562,0.03926609675091719,1.0,1.353984985057691
BR037,30.0,"(-inf, -5.0]",7248,0.004926544192318853,0.0,0.0,,
BR046,2.0,"(-4.0, inf]",79,1.0,0.0,0.0,,
BR046,2.0,"(-5.0, -4.0]",4696,0.5583655383117782,0.00021561017680034498,0.00038138825324180017,1.0,6.643856189774725
BR046,2.0,"(-inf, -5.0]",8448,0.046627163920927216,0.0,0.0,,
BR046,4.0,"(-4.0, inf]",69,1.0,0.018518518518518517,0.018518518518518517,1.0,2.7669620880957115
BR046,4.0,"(-5.0, -4.0]",4666,0.5828713952695982,0.0006314970555693198,0.0010925552676200531,1.0,2.7560686321225245
BR046,4.0,"(-inf, -5.0]",8367,0.04710215573399829,0.0,0.0,,
BR046,10.0,"(-4.0, inf]",63,1.0,0.04938271604938271,0.04938271604938271,1.0,1.5142360106588864
BR046,10.0,"(-5.0, -4.0]",4734,0.625475699522071,0.018812891534892247,0.030077866594723807,1.0,1.9606363603650194
BR046,10.0,"(-inf, -5.0]",8500,0.05434940813772866,0.0,0.0,,
BR046,30.0,"(-4.0, inf]",73,1.0,0.5456410256410257,0.5456410256410257,1.0,1.1060445761576323
BR046,30.0,"(-5.0, -4.0]",4674,0.6619002344903614,0.1008721079523986,0.1522842151360408,1.0,1.353984985057691
BR046,30.0,"(-inf, -5.0]",8644,0.07577508695569515,0.0009244256590771197,0.012142032998730817,1.0,1.353984985057691
BR048,2.0,"(-4.0, inf]",34,1.0,0.0,0.0,,
BR048,2.0,"(-5.0, -4.0]",3919,0.7656507522096523,0.0007552870090634442,0.0009852216748768474,1.0,6.241537111799831
BR048,2.0,"(-inf, -5.0]",14769,0.10387274369957239,0.0,0.0,,
BR048,4.0,"(-4.0, inf]",47,1.0,0.0,0.0,,
BR048,4.0,"(-5.0, -4.0]",3973,0.781112032194966,0.0017715022845116526,0.0022657009389341655,1.0,2.8236185325460763
BR048,4.0,"(-inf, -5.0]",14834,0.10286749130878858,0.0,0.0,,
BR048,10.0,"(-4.0, inf]",38,1.0,0.030303030303030304,0.030303030303030304,1.0,1.7629748092644841
BR048,10.0,"(-5.0, -4.0]",3924,0.789138365862654,0.02955004517986042,0.03731650118956684,1.0,2.0
BR048,10.0,"(-inf, -5.0]",15009,0.12849891031138885,0.00019952114924181964,0.001610305958132045,1.0,2.0
BR048,30.0,"(-4.0, inf]",40,1.0,0.4779761904761905,0.4779761904761905,1.0,1.2884888993048444
BR048,30.0,"(-5.0, -4.0]",3956,0.7982518733039944,0.1724190811782548,0.21606136773368886,1.0,1.353984985057691
BR048,30.0,"(-inf, -5.0]",14707,0.14509779324845798,0.004628571601706593,0.03189903800097916,1.0,1.353984985057691
BR052,2.0,"(-4.0, inf]",69,1.0,0.017543859649122806,0.017543859649122806,1.0,5.545431882141363
BR052,2.0,"(-5.0, -4.0]",4418,0.42875765886424505,0.0,0.0,,
BR052,2.0,"(-inf, -5.0]",9548,0.021348474900094307,0.0,0.0,,
BR052,4.0,"(-4.0, inf]",80,1.0,0.027056277056277056,0.027056277056277056,1.0,2.4090098690293584
BR052,4.0,"(-5.0, -4.0]",4390,0.4211901941785812,0.0011420489885410271,0.002719140866437075,1.0,2.613693304518243
BR052,4.0,"(-inf, -5.0]",9457,0.02146678548259129,0.0,0.0,,
BR052,10.0,"(-4.0, inf]",62,1.0,0.0863095238095238,0.0863095238095238,1.0,1.7744776003619593
BR052,10.0,"(-5.0, -4.0]",4300,0.41543239541513916,0.008847117237971422,0.021270361270361273,1.0,1.610062529253119
BR052,10.0,"(-inf, -5.0]",9706,0.026779743355456114,0.00010518565267697486,0.004115226337448559,1.0,1.8352390829553815
BR052,30.0,"(-4.0, inf]",54,0.9777777777777779,0.3196581196581197,0.326007326007326,1.0,1.326809582091999
BR052,30.0,"(-5.0, -4.0]",4368,0.4028378879127223,0.05309830576496016,0.13176612614969688,1.0,1.1445809953366755
BR052,30.0,"(-inf, -5.0]",9626,0.027011128756842123,0.0004148542608204485,0.01533377395902181,1.0,1.1545590611947645
BR054,2.0,"(-4.0, inf]",70,1.0,0.0,0.0,,
BR054,2.0,"(-5.0, -4.0]",3101,0.7820360545311891,0.0006463741510467409,0.0008270064519833798,1.0,6.643856189774725
BR054,2.0,"(-inf, -5.0]",11508,0.11696963669527892,0.0,0.0,,
BR054,4.0,"(-4.0, inf]",76,1.0,0.0,0.0,,
BR054,4.0,"(-5.0, -4.0]",3040,0.7909318103190665,0.004234570119633144,0.005357003492302907,1.0,2.436270926053591
BR054,4.0,"(-inf, -5.0]",11489,0.12426560185537826,0.0,0.0,,
BR054,10.0,"(-4.0, inf]",88,1.0,0.06486291486291486,0.06486291486291486,1.0,1.884253014322545
BR054,10.0,"(-5.0, -4.0]",3060,0.8150987256872634,0.04802152328901075,0.05898482947708982,1.0,1.6112545457057366
BR054,10.0,"(-inf, -5.0]",11621,0.1467133475359301,0.0009462036447780275,0.0063604167278223525,1.0,1.8576397881747257
BR054,30.0,"(-4.0, inf]",69,1.0,0.34788359788359785,0.34788359788359785,1.0,1.2762723588217826
BR054,30.0,"(-5.0, -4.0]",3113,0.832238466644207,0.20717657980244727,0.24893634544604337,1.0,1.1777263555885504
BR054,30.0,"(-inf, -5.0]",11651,0.17693325497356435,0.0115816190082989,0.06538945703836137,1.0,1.1916489594899535
