patient,n_calls,false_calls,observed_FDR,seed
BR032,200,0,0.0,1
BR037,39,0,0.0,1
BR046,237,1,0.004219409282700422,1
BR048,290,4,0.013793103448275862,1
BR052,103,0,0.0,1
BR054,317,3,0.00946372239747634,1
BR032,173,0,0.0,2
BR037,25,0,0.0,2
BR046,159,1,0.006289308176100629,2
BR048,304,3,0.009868421052631578,2
BR052,97,0,0.0,2
BR054,326,3,0.009202453987730062,2
BR032,227,0,0.0,3
BR037,43,1,0.023255813953488372,3
BR046,227,3,0.013215859030837005,3
BR048,313,0,0.0,3
BR052,105,0,0.0,3
BR054,347,2,0.005763688760806916,3
